student_id,subject,marks,attendance
1001,Maths,90.0,84
1001,Physics,93.0,98
1001,Chemistry,54.0,73
1001,Programming,41.0,67
1002,Maths,44.0,93
1002,Physics,56.0,57
1002,Chemistry,89.0,95
1002,Programming,46.0,78
1003,Maths,82.0,57
1003,Physics,56.0,95
1003,Chemistry,79.0,56
1003,Programming,32.0,78
1004,Maths,93.0,93
1004,Physics,82.0,73
1004,Chemistry,89.0,52
1004,Programming,49.0,95
1005,Maths,44.0,74
1005,Physics,100.0,66
1005,Chemistry,38.0,87
1005,Programming,77.0,71
1006,Maths,31.0,73
1006,Physics,,60
1006,Chemistry,93.0,62
1006,Programming,,70
1007,Maths,47.0,79
1007,Physics,93.0,67
1007,Chemistry,67.0,81
1007,Programming,40.0,94
1008,Maths,62.0,87
1008,Physics,70.0,57
1008,Chemistry,40.0,71
1008,Programming,80.0,73
1009,Maths,70.0,66
1009,Physics,75.0,81
1009,Chemistry,83.0,71
1009,Programming,49.0,82
1010,Maths,69.0,81
1010,Physics,31.0,82
1010,Chemistry,62.0,90
1010,Programming,59.0,82
1011,Maths,55.0,71
1011,Physics,95.0,87
1011,Chemistry,75.0,99
1011,Programming,44.0,83
1012,Maths,73.0,98
1012,Physics,90.0,52
1012,Chemistry,35.0,58
1012,Programming,35.0,58
1013,Maths,61.0,90
1013,Physics,37.0,57
1013,Chemistry,79.0,77
1013,Programming,91.0,69
1014,Maths,91.0,96
1014,Physics,36.0,60
1014,Chemistry,33.0,55
1014,Programming,87.0,71
1015,Maths,55.0,52
1015,Physics,70.0,91
1015,Chemistry,43.0,60
1015,Programming,41.0,72
1016,Maths,41.0,62
1016,Physics,54.0,94
1016,Chemistry,48.0,95
1016,Programming,74.0,57
1017,Maths,82.0,81
1017,Physics,80.0,93
1017,Chemistry,99.0,67
1017,Programming,51.0,86
1018,Maths,85.0,90
1018,Physics,88.0,52
1018,Chemistry,57.0,59
1018,Programming,64.0,78
1019,Maths,83.0,64
1019,Physics,36.0,61
1019,Chemistry,78.0,79
1019,Programming,60.0,73
1020,Maths,49.0,86
1020,Physics,33.0,77
1020,Chemistry,49.0,73
1020,Programming,79.0,98
1021,Maths,80.0,81
1021,Physics,65.0,83
1021,Chemistry,95.0,64
1021,Programming,63.0,85
1022,Maths,35.0,88
1022,Physics,71.0,100
1022,Chemistry,87.0,61
1022,Programming,32.0,94
1023,Maths,47.0,89
1023,Physics,50.0,64
1023,Chemistry,55.0,57
1023,Programming,71.0,93
1024,Maths,43.0,63
1024,Physics,31.0,86
1024,Chemistry,98.0,87
1024,Programming,70.0,96
1025,Maths,43.0,88
1025,Physics,31.0,88
1025,Chemistry,99.0,66
1025,Programming,57.0,51
1026,Maths,64.0,86
1026,Physics,34.0,50
1026,Chemistry,69.0,61
1026,Programming,85.0,85
1027,Maths,74.0,72
1027,Physics,76.0,80
1027,Chemistry,40.0,59
1027,Programming,96.0,63
1028,Maths,39.0,61
1028,Physics,30.0,54
1028,Chemistry,49.0,57
1028,Programming,72.0,61
1029,Maths,30.0,69
1029,Physics,57.0,92
1029,Chemistry,66.0,96
1029,Programming,66.0,98
1030,Maths,73.0,77
1030,Physics,35.0,93
1030,Chemistry,90.0,69
1030,Programming,31.0,58
1031,Maths,66.0,69
1031,Physics,55.0,78
1031,Chemistry,30.0,84
1031,Programming,99.0,86
1032,Maths,88.0,54
1032,Physics,62.0,98
1032,Chemistry,80.0,63
1032,Programming,41.0,91
1033,Maths,49.0,99
1033,Physics,72.0,83
1033,Chemistry,79.0,78
1033,Programming,86.0,88
1034,Maths,85.0,96
1034,Physics,72.0,99
1034,Chemistry,52.0,93
1034,Programming,67.0,69
1035,Maths,52.0,94
1035,Physics,81.0,65
1035,Chemistry,79.0,91
1035,Programming,37.0,99
1036,Maths,30.0,57
1036,Physics,58.0,81
1036,Chemistry,34.0,96
1036,Programming,76.0,83
1037,Maths,94.0,75
1037,Physics,72.0,59
1037,Chemistry,59.0,99
1037,Programming,46.0,75
1038,Maths,37.0,96
1038,Physics,,74
1038,Chemistry,75.0,53
1038,Programming,62.0,50
1039,Maths,48.0,80
1039,Physics,43.0,97
1039,Chemistry,98.0,90
1039,Programming,91.0,77
1040,Maths,95.0,99
1040,Physics,93.0,55
1040,Chemistry,92.0,58
1040,Programming,62.0,90
1041,Maths,77.0,62
1041,Physics,60.0,90
1041,Chemistry,97.0,83
1041,Programming,33.0,87
1042,Maths,48.0,55
1042,Physics,42.0,90
1042,Chemistry,52.0,68
1042,Programming,30.0,73
1043,Maths,83.0,56
1043,Physics,44.0,50
1043,Chemistry,100.0,64
1043,Programming,50.0,68
1044,Maths,89.0,78
1044,Physics,62.0,98
1044,Chemistry,64.0,93
1044,Programming,40.0,84
1045,Maths,,95
1045,Physics,95.0,95
1045,Chemistry,38.0,52
1045,Programming,55.0,57
1046,Maths,77.0,51
1046,Physics,99.0,77
1046,Chemistry,55.0,74
1046,Programming,41.0,54
1047,Maths,77.0,86
1047,Physics,73.0,85
1047,Chemistry,44.0,92
1047,Programming,77.0,72
1048,Maths,99.0,95
1048,Physics,72.0,94
1048,Chemistry,50.0,72
1048,Programming,76.0,64
1049,Maths,54.0,85
1049,Physics,80.0,64
1049,Chemistry,97.0,70
1049,Programming,42.0,71
1050,Maths,48.0,83
1050,Physics,97.0,97
1050,Chemistry,81.0,95
1050,Programming,56.0,78
1051,Maths,57.0,84
1051,Physics,37.0,65
1051,Chemistry,65.0,79
1051,Programming,47.0,51
1052,Maths,78.0,62
1052,Physics,33.0,75
1052,Chemistry,36.0,80
1052,Programming,68.0,62
1053,Maths,60.0,56
1053,Physics,92.0,98
1053,Chemistry,71.0,91
1053,Programming,85.0,85
1054,Maths,97.0,56
1054,Physics,83.0,50
1054,Chemistry,73.0,94
1054,Programming,76.0,62
1055,Maths,51.0,70
1055,Physics,38.0,75
1055,Chemistry,38.0,64
1055,Programming,39.0,73
1056,Maths,71.0,57
1056,Physics,53.0,65
1056,Chemistry,78.0,75
1056,Programming,66.0,53
1057,Maths,79.0,73
1057,Physics,48.0,85
1057,Chemistry,89.0,88
1057,Programming,47.0,68
1058,Maths,65.0,59
1058,Physics,84.0,99
1058,Chemistry,98.0,96
1058,Programming,78.0,84
1059,Maths,62.0,70
1059,Physics,51.0,97
1059,Chemistry,66.0,64
1059,Programming,64.0,77
1060,Maths,100.0,81
1060,Physics,40.0,59
1060,Chemistry,86.0,74
1060,Programming,31.0,84
1061,Maths,36.0,70
1061,Physics,47.0,52
1061,Chemistry,71.0,88
1061,Programming,70.0,98
1062,Maths,53.0,95
1062,Physics,48.0,53
1062,Chemistry,71.0,81
1062,Programming,68.0,94
1063,Maths,65.0,89
1063,Physics,65.0,52
1063,Chemistry,37.0,82
1063,Programming,99.0,90
1064,Maths,97.0,62
1064,Physics,78.0,51
1064,Chemistry,89.0,54
1064,Programming,73.0,76
1065,Maths,61.0,70
1065,Physics,37.0,87
1065,Chemistry,,99
1065,Programming,96.0,93
1066,Maths,87.0,52
1066,Physics,99.0,51
1066,Chemistry,73.0,51
1066,Programming,64.0,83
1067,Maths,59.0,57
1067,Physics,51.0,93
1067,Chemistry,87.0,85
1067,Programming,98.0,62
1068,Maths,60.0,96
1068,Physics,84.0,65
1068,Chemistry,91.0,79
1068,Programming,84.0,65
1069,Maths,41.0,66
1069,Physics,45.0,61
1069,Chemistry,37.0,69
1069,Programming,32.0,65
1070,Maths,59.0,94
1070,Physics,52.0,77
1070,Chemistry,34.0,69
1070,Programming,94.0,79
1071,Maths,50.0,69
1071,Physics,99.0,71
1071,Chemistry,,88
1071,Programming,61.0,82
1072,Maths,45.0,61
1072,Physics,67.0,83
1072,Chemistry,43.0,85
1072,Programming,52.0,99
1073,Maths,95.0,90
1073,Physics,31.0,76
1073,Chemistry,94.0,60
1073,Programming,96.0,72
1074,Maths,55.0,53
1074,Physics,84.0,55
1074,Chemistry,64.0,71
1074,Programming,72.0,64
1075,Maths,89.0,86
1075,Physics,41.0,96
1075,Chemistry,78.0,91
1075,Programming,67.0,67
1076,Maths,74.0,84
1076,Physics,59.0,73
1076,Chemistry,59.0,63
1076,Programming,35.0,52
1077,Maths,36.0,63
1077,Physics,44.0,70
1077,Chemistry,64.0,51
1077,Programming,31.0,84
1078,Maths,49.0,67
1078,Physics,39.0,74
1078,Chemistry,95.0,74
1078,Programming,83.0,82
1079,Maths,65.0,80
1079,Physics,43.0,50
1079,Chemistry,83.0,95
1079,Programming,81.0,52
1080,Maths,70.0,55
1080,Physics,54.0,62
1080,Chemistry,37.0,70
1080,Programming,97.0,74
1081,Maths,97.0,94
1081,Physics,89.0,61
1081,Chemistry,61.0,81
1081,Programming,42.0,80
1082,Maths,49.0,67
1082,Physics,89.0,55
1082,Chemistry,61.0,78
1082,Programming,72.0,51
1083,Maths,89.0,72
1083,Physics,60.0,100
1083,Chemistry,34.0,68
1083,Programming,63.0,59
1084,Maths,31.0,60
1084,Physics,79.0,80
1084,Chemistry,85.0,64
1084,Programming,38.0,84
1085,Maths,50.0,58
1085,Physics,57.0,95
1085,Chemistry,36.0,65
1085,Programming,45.0,82
1086,Maths,33.0,53
1086,Physics,69.0,66
1086,Chemistry,81.0,78
1086,Programming,81.0,85
1087,Maths,67.0,88
1087,Physics,79.0,86
1087,Chemistry,92.0,84
1087,Programming,36.0,76
1088,Maths,43.0,56
1088,Physics,34.0,51
1088,Chemistry,91.0,76
1088,Programming,50.0,87
1089,Maths,50.0,59
1089,Physics,87.0,88
1089,Chemistry,34.0,50
1089,Programming,42.0,70
1090,Maths,82.0,67
1090,Physics,74.0,81
1090,Chemistry,65.0,66
1090,Programming,89.0,60
1091,Maths,92.0,70
1091,Physics,81.0,75
1091,Chemistry,97.0,83
1091,Programming,81.0,97
1092,Maths,81.0,78
1092,Physics,67.0,91
1092,Chemistry,50.0,91
1092,Programming,42.0,98
1093,Maths,93.0,66
1093,Physics,38.0,90
1093,Chemistry,30.0,51
1093,Programming,89.0,97
1094,Maths,58.0,82
1094,Physics,39.0,99
1094,Chemistry,87.0,89
1094,Programming,50.0,77
1095,Maths,63.0,57
1095,Physics,88.0,71
1095,Chemistry,,98
1095,Programming,46.0,72
1096,Maths,74.0,68
1096,Physics,98.0,81
1096,Chemistry,73.0,50
1096,Programming,37.0,62
1097,Maths,,72
1097,Physics,72.0,50
1097,Chemistry,80.0,73
1097,Programming,53.0,66
1098,Maths,34.0,69
1098,Physics,50.0,89
1098,Chemistry,87.0,80
1098,Programming,40.0,64
1099,Maths,36.0,100
1099,Physics,57.0,100
1099,Chemistry,87.0,54
1099,Programming,34.0,79
1100,Maths,37.0,59
1100,Physics,67.0,96
1100,Chemistry,37.0,89
1100,Programming,54.0,58
1101,Maths,95.0,64
1101,Physics,79.0,52
1101,Chemistry,78.0,85
1101,Programming,97.0,63
1102,Maths,70.0,74
1102,Physics,91.0,99
1102,Chemistry,39.0,70
1102,Programming,65.0,61
1103,Maths,31.0,62
1103,Physics,82.0,81
1103,Chemistry,45.0,81
1103,Programming,61.0,83
1104,Maths,40.0,59
1104,Physics,44.0,66
1104,Chemistry,69.0,67
1104,Programming,84.0,58
1105,Maths,54.0,89
1105,Physics,88.0,63
1105,Chemistry,51.0,79
1105,Programming,73.0,81
1106,Maths,80.0,95
1106,Physics,50.0,84
1106,Chemistry,61.0,79
1106,Programming,68.0,98
1107,Maths,41.0,90
1107,Physics,76.0,67
1107,Chemistry,50.0,62
1107,Programming,50.0,57
1108,Maths,75.0,89
1108,Physics,36.0,72
1108,Chemistry,51.0,92
1108,Programming,51.0,77
1109,Maths,58.0,62
1109,Physics,31.0,78
1109,Chemistry,81.0,76
1109,Programming,79.0,80
1110,Maths,52.0,73
1110,Physics,73.0,62
1110,Chemistry,51.0,92
1110,Programming,66.0,82
1111,Maths,85.0,52
1111,Physics,92.0,68
1111,Chemistry,52.0,78
1111,Programming,59.0,88
1112,Maths,54.0,86
1112,Physics,37.0,91
1112,Chemistry,87.0,65
1112,Programming,,50
1113,Maths,34.0,52
1113,Physics,94.0,53
1113,Chemistry,93.0,91
1113,Programming,39.0,70
1114,Maths,75.0,88
1114,Physics,56.0,51
1114,Chemistry,70.0,97
1114,Programming,42.0,58
1115,Maths,65.0,71
1115,Physics,87.0,61
1115,Chemistry,43.0,83
1115,Programming,82.0,69
1116,Maths,45.0,100
1116,Physics,99.0,68
1116,Chemistry,87.0,53
1116,Programming,33.0,69
1117,Maths,39.0,73
1117,Physics,55.0,86
1117,Chemistry,83.0,89
1117,Programming,50.0,59
1118,Maths,67.0,95
1118,Physics,33.0,94
1118,Chemistry,49.0,66
1118,Programming,100.0,53
1119,Maths,43.0,52
1119,Physics,87.0,53
1119,Chemistry,53.0,83
1119,Programming,59.0,67
1120,Maths,48.0,80
1120,Physics,89.0,68
1120,Chemistry,78.0,95
1120,Programming,51.0,73
1121,Maths,59.0,87
1121,Physics,60.0,85
1121,Chemistry,93.0,68
1121,Programming,77.0,94
1122,Maths,84.0,98
1122,Physics,84.0,82
1122,Chemistry,47.0,98
1122,Programming,76.0,60
1123,Maths,86.0,94
1123,Physics,62.0,66
1123,Chemistry,99.0,53
1123,Programming,49.0,97
1124,Maths,76.0,76
1124,Physics,44.0,55
1124,Chemistry,76.0,63
1124,Programming,38.0,75
1125,Maths,45.0,54
1125,Physics,90.0,59
1125,Chemistry,79.0,52
1125,Programming,99.0,66
1126,Maths,80.0,68
1126,Physics,71.0,84
1126,Chemistry,75.0,75
1126,Programming,98.0,78
1127,Maths,93.0,86
1127,Physics,78.0,70
1127,Chemistry,93.0,54
1127,Programming,99.0,75
1128,Maths,33.0,88
1128,Physics,68.0,99
1128,Chemistry,64.0,50
1128,Programming,53.0,85
1129,Maths,99.0,90
1129,Physics,83.0,95
1129,Chemistry,89.0,93
1129,Programming,89.0,80
1130,Maths,53.0,74
1130,Physics,65.0,70
1130,Chemistry,59.0,73
1130,Programming,59.0,71
1131,Maths,36.0,84
1131,Physics,84.0,77
1131,Chemistry,43.0,59
1131,Programming,45.0,80
1132,Maths,99.0,93
1132,Physics,74.0,85
1132,Chemistry,85.0,92
1132,Programming,86.0,70
1133,Maths,97.0,99
1133,Physics,62.0,76
1133,Chemistry,36.0,55
1133,Programming,44.0,67
1134,Maths,61.0,60
1134,Physics,49.0,73
1134,Chemistry,44.0,97
1134,Programming,100.0,70
1135,Maths,71.0,75
1135,Physics,43.0,86
1135,Chemistry,87.0,70
1135,Programming,98.0,52
1136,Maths,66.0,73
1136,Physics,78.0,68
1136,Chemistry,41.0,90
1136,Programming,62.0,99
1137,Maths,97.0,91
1137,Physics,100.0,71
1137,Chemistry,62.0,66
1137,Programming,53.0,83
1138,Maths,57.0,92
1138,Physics,70.0,88
1138,Chemistry,78.0,66
1138,Programming,99.0,95
1139,Maths,99.0,83
1139,Physics,94.0,59
1139,Chemistry,34.0,51
1139,Programming,51.0,97
1140,Maths,86.0,51
1140,Physics,45.0,97
1140,Chemistry,80.0,88
1140,Programming,69.0,87
1141,Maths,89.0,59
1141,Physics,93.0,100
1141,Chemistry,92.0,98
1141,Programming,93.0,81
1142,Maths,36.0,70
1142,Physics,49.0,75
1142,Chemistry,97.0,95
1142,Programming,44.0,89
1143,Maths,43.0,76
1143,Physics,69.0,77
1143,Chemistry,55.0,98
1143,Programming,92.0,51
1144,Maths,54.0,52
1144,Physics,,93
1144,Chemistry,71.0,84
1144,Programming,35.0,88
1145,Maths,81.0,72
1145,Physics,79.0,92
1145,Chemistry,48.0,54
1145,Programming,80.0,60
1146,Maths,41.0,59
1146,Physics,37.0,73
1146,Chemistry,70.0,85
1146,Programming,,58
1147,Maths,76.0,64
1147,Physics,77.0,95
1147,Chemistry,71.0,69
1147,Programming,99.0,61
1148,Maths,31.0,56
1148,Physics,32.0,94
1148,Chemistry,32.0,76
1148,Programming,69.0,87
1149,Maths,62.0,77
1149,Physics,30.0,57
1149,Chemistry,61.0,97
1149,Programming,33.0,79
1150,Maths,99.0,95
1150,Physics,48.0,81
1150,Chemistry,38.0,61
1150,Programming,40.0,95
1151,Maths,45.0,50
1151,Physics,92.0,94
1151,Chemistry,50.0,79
1151,Programming,42.0,83
1152,Maths,33.0,77
1152,Physics,88.0,76
1152,Chemistry,98.0,74
1152,Programming,32.0,82
1153,Maths,97.0,74
1153,Physics,49.0,83
1153,Chemistry,55.0,54
1153,Programming,90.0,77
1154,Maths,38.0,87
1154,Physics,79.0,55
1154,Chemistry,89.0,93
1154,Programming,40.0,51
1155,Maths,76.0,93
1155,Physics,32.0,61
1155,Chemistry,59.0,75
1155,Programming,50.0,77
1156,Maths,91.0,82
1156,Physics,64.0,83
1156,Chemistry,70.0,100
1156,Programming,76.0,67
1157,Maths,87.0,60
1157,Physics,86.0,72
1157,Chemistry,77.0,71
1157,Programming,46.0,54
1158,Maths,40.0,79
1158,Physics,44.0,76
1158,Chemistry,64.0,82
1158,Programming,45.0,83
1159,Maths,95.0,84
1159,Physics,69.0,77
1159,Chemistry,76.0,88
1159,Programming,99.0,58
1160,Maths,49.0,50
1160,Physics,,72
1160,Chemistry,92.0,52
1160,Programming,33.0,74
1161,Maths,76.0,87
1161,Physics,44.0,70
1161,Chemistry,86.0,95
1161,Programming,43.0,85
1162,Maths,46.0,88
1162,Physics,38.0,84
1162,Chemistry,35.0,76
1162,Programming,52.0,76
1163,Maths,75.0,87
1163,Physics,43.0,85
1163,Chemistry,,84
1163,Programming,48.0,79
1164,Maths,54.0,89
1164,Physics,43.0,75
1164,Chemistry,51.0,97
1164,Programming,80.0,52
1165,Maths,71.0,68
1165,Physics,57.0,69
1165,Chemistry,74.0,56
1165,Programming,92.0,58
1166,Maths,48.0,96
1166,Physics,43.0,87
1166,Chemistry,82.0,85
1166,Programming,69.0,66
1167,Maths,59.0,58
1167,Physics,93.0,82
1167,Chemistry,81.0,74
1167,Programming,43.0,60
1168,Maths,82.0,84
1168,Physics,88.0,63
1168,Chemistry,70.0,53
1168,Programming,97.0,77
1169,Maths,37.0,51
1169,Physics,70.0,65
1169,Chemistry,91.0,98
1169,Programming,77.0,79
1170,Maths,41.0,84
1170,Physics,40.0,95
1170,Chemistry,79.0,70
1170,Programming,50.0,54
1171,Maths,77.0,69
1171,Physics,96.0,93
1171,Chemistry,62.0,58
1171,Programming,90.0,58
1172,Maths,97.0,84
1172,Physics,94.0,57
1172,Chemistry,74.0,72
1172,Programming,76.0,89
1173,Maths,83.0,61
1173,Physics,75.0,96
1173,Chemistry,44.0,90
1173,Programming,48.0,75
1174,Maths,81.0,78
1174,Physics,51.0,89
1174,Chemistry,50.0,100
1174,Programming,67.0,69
1175,Maths,58.0,100
1175,Physics,33.0,56
1175,Chemistry,57.0,53
1175,Programming,51.0,61
1176,Maths,74.0,52
1176,Physics,95.0,73
1176,Chemistry,63.0,76
1176,Programming,84.0,90
1177,Maths,30.0,57
1177,Physics,67.0,55
1177,Chemistry,54.0,67
1177,Programming,46.0,61
1178,Maths,35.0,75
1178,Physics,56.0,57
1178,Chemistry,94.0,78
1178,Programming,69.0,63
1179,Maths,64.0,97
1179,Physics,85.0,98
1179,Chemistry,42.0,87
1179,Programming,78.0,95
1180,Maths,91.0,57
1180,Physics,72.0,69
1180,Chemistry,68.0,70
1180,Programming,78.0,91
1181,Maths,83.0,90
1181,Physics,38.0,73
1181,Chemistry,66.0,98
1181,Programming,70.0,66
1182,Maths,50.0,100
1182,Physics,88.0,88
1182,Chemistry,84.0,90
1182,Programming,68.0,62
1183,Maths,93.0,60
1183,Physics,48.0,60
1183,Chemistry,75.0,94
1183,Programming,30.0,89
1184,Maths,48.0,61
1184,Physics,,57
1184,Chemistry,90.0,94
1184,Programming,41.0,97
1185,Maths,62.0,94
1185,Physics,98.0,57
1185,Chemistry,54.0,76
1185,Programming,75.0,72
1186,Maths,59.0,94
1186,Physics,76.0,72
1186,Chemistry,78.0,96
1186,Programming,47.0,51
1187,Maths,97.0,79
1187,Physics,62.0,85
1187,Chemistry,48.0,96
1187,Programming,57.0,89
1188,Maths,44.0,90
1188,Physics,68.0,51
1188,Chemistry,92.0,78
1188,Programming,95.0,100
1189,Maths,39.0,63
1189,Physics,80.0,58
1189,Chemistry,68.0,77
1189,Programming,32.0,69
1190,Maths,99.0,76
1190,Physics,31.0,78
1190,Chemistry,67.0,52
1190,Programming,45.0,79
1191,Maths,69.0,51
1191,Physics,70.0,61
1191,Chemistry,64.0,92
1191,Programming,94.0,94
1192,Maths,91.0,98
1192,Physics,54.0,72
1192,Chemistry,53.0,87
1192,Programming,57.0,70
1193,Maths,83.0,92
1193,Physics,47.0,85
1193,Chemistry,74.0,58
1193,Programming,82.0,87
1194,Maths,59.0,93
1194,Physics,61.0,52
1194,Chemistry,96.0,77
1194,Programming,73.0,64
1195,Maths,70.0,72
1195,Physics,77.0,81
1195,Chemistry,86.0,85
1195,Programming,62.0,73
1196,Maths,68.0,83
1196,Physics,85.0,77
1196,Chemistry,66.0,56
1196,Programming,97.0,86
1197,Maths,85.0,50
1197,Physics,94.0,96
1197,Chemistry,49.0,68
1197,Programming,58.0,59
1198,Maths,89.0,67
1198,Physics,64.0,92
1198,Chemistry,40.0,98
1198,Programming,67.0,54
1199,Maths,37.0,83
1199,Physics,77.0,61
1199,Chemistry,94.0,80
1199,Programming,33.0,98
1200,Maths,79.0,54
1200,Physics,59.0,73
1200,Chemistry,88.0,52
1200,Programming,74.0,53
1201,Maths,55.0,76
1201,Physics,75.0,92
1201,Chemistry,93.0,76
1201,Programming,80.0,99
1202,Maths,35.0,64
1202,Physics,59.0,91
1202,Chemistry,66.0,91
1202,Programming,64.0,72
1203,Maths,35.0,53
1203,Physics,47.0,58
1203,Chemistry,58.0,62
1203,Programming,88.0,96
1204,Maths,46.0,94
1204,Physics,51.0,53
1204,Chemistry,98.0,86
1204,Programming,78.0,62
1205,Maths,63.0,94
1205,Physics,82.0,72
1205,Chemistry,80.0,52
1205,Programming,71.0,83
1206,Maths,61.0,94
1206,Physics,80.0,98
1206,Chemistry,75.0,93
1206,Programming,50.0,93
1207,Maths,40.0,88
1207,Physics,97.0,100
1207,Chemistry,30.0,77
1207,Programming,92.0,73
1208,Maths,42.0,96
1208,Physics,40.0,85
1208,Chemistry,80.0,66
1208,Programming,53.0,68
1209,Maths,66.0,88
1209,Physics,37.0,77
1209,Chemistry,34.0,66
1209,Programming,65.0,68
1210,Maths,93.0,76
1210,Physics,40.0,94
1210,Chemistry,76.0,61
1210,Programming,50.0,60
1211,Maths,34.0,66
1211,Physics,85.0,69
1211,Chemistry,70.0,95
1211,Programming,41.0,55
1212,Maths,46.0,100
1212,Physics,48.0,75
1212,Chemistry,77.0,93
1212,Programming,81.0,81
1213,Maths,99.0,85
1213,Physics,62.0,73
1213,Chemistry,52.0,64
1213,Programming,56.0,60
1214,Maths,93.0,100
1214,Physics,80.0,63
1214,Chemistry,80.0,96
1214,Programming,33.0,56
1215,Maths,64.0,97
1215,Physics,,94
1215,Chemistry,,68
1215,Programming,92.0,87
1216,Maths,96.0,54
1216,Physics,42.0,96
1216,Chemistry,90.0,80
1216,Programming,51.0,78
1217,Maths,72.0,52
1217,Physics,83.0,59
1217,Chemistry,71.0,70
1217,Programming,95.0,90
1218,Maths,53.0,84
1218,Physics,85.0,79
1218,Chemistry,86.0,79
1218,Programming,76.0,84
1219,Maths,48.0,99
1219,Physics,37.0,75
1219,Chemistry,100.0,79
1219,Programming,36.0,52
1220,Maths,94.0,85
1220,Physics,54.0,86
1220,Chemistry,30.0,64
1220,Programming,66.0,62
1221,Maths,37.0,54
1221,Physics,89.0,58
1221,Chemistry,30.0,85
1221,Programming,64.0,51
1222,Maths,92.0,89
1222,Physics,52.0,58
1222,Chemistry,63.0,95
1222,Programming,33.0,79
1223,Maths,,52
1223,Physics,43.0,62
1223,Chemistry,74.0,81
1223,Programming,63.0,94
1224,Maths,90.0,68
1224,Physics,45.0,51
1224,Chemistry,69.0,66
1224,Programming,63.0,91
1225,Maths,45.0,87
1225,Physics,89.0,51
1225,Chemistry,95.0,75
1225,Programming,42.0,96
1226,Maths,60.0,83
1226,Physics,68.0,52
1226,Chemistry,37.0,72
1226,Programming,84.0,76
1227,Maths,82.0,88
1227,Physics,94.0,66
1227,Chemistry,59.0,62
1227,Programming,50.0,68
1228,Maths,82.0,68
1228,Physics,86.0,74
1228,Chemistry,60.0,66
1228,Programming,84.0,72
1229,Maths,61.0,59
1229,Physics,39.0,85
1229,Chemistry,,69
1229,Programming,61.0,99
1230,Maths,43.0,99
1230,Physics,57.0,95
1230,Chemistry,82.0,73
1230,Programming,51.0,79
1231,Maths,92.0,53
1231,Physics,88.0,72
1231,Chemistry,37.0,67
1231,Programming,41.0,80
1232,Maths,63.0,67
1232,Physics,78.0,64
1232,Chemistry,86.0,80
1232,Programming,55.0,67
1233,Maths,67.0,66
1233,Physics,79.0,57
1233,Chemistry,70.0,55
1233,Programming,98.0,93
1234,Maths,93.0,78
1234,Physics,57.0,60
1234,Chemistry,94.0,92
1234,Programming,48.0,58
1235,Maths,56.0,83
1235,Physics,73.0,53
1235,Chemistry,44.0,100
1235,Programming,42.0,68
1236,Maths,78.0,55
1236,Physics,85.0,61
1236,Chemistry,80.0,86
1236,Programming,46.0,72
1237,Maths,58.0,82
1237,Physics,89.0,76
1237,Chemistry,84.0,59
1237,Programming,76.0,72
1238,Maths,50.0,92
1238,Physics,42.0,86
1238,Chemistry,62.0,73
1238,Programming,40.0,66
1239,Maths,97.0,96
1239,Physics,54.0,79
1239,Chemistry,50.0,69
1239,Programming,41.0,86
1240,Maths,71.0,66
1240,Physics,77.0,88
1240,Chemistry,57.0,90
1240,Programming,76.0,97
1241,Maths,47.0,63
1241,Physics,100.0,90
1241,Chemistry,42.0,67
1241,Programming,42.0,85
1242,Maths,60.0,51
1242,Physics,45.0,58
1242,Chemistry,67.0,60
1242,Programming,83.0,71
1243,Maths,74.0,94
1243,Physics,63.0,58
1243,Chemistry,37.0,56
1243,Programming,65.0,67
1244,Maths,32.0,77
1244,Physics,99.0,93
1244,Chemistry,73.0,70
1244,Programming,57.0,89
1245,Maths,83.0,50
1245,Physics,50.0,92
1245,Chemistry,42.0,98
1245,Programming,83.0,59
1246,Maths,82.0,93
1246,Physics,76.0,59
1246,Chemistry,75.0,62
1246,Programming,66.0,87
1247,Maths,53.0,51
1247,Physics,43.0,59
1247,Chemistry,64.0,74
1247,Programming,32.0,96
1248,Maths,46.0,61
1248,Physics,83.0,73
1248,Chemistry,58.0,92
1248,Programming,54.0,85
1249,Maths,89.0,75
1249,Physics,94.0,69
1249,Chemistry,57.0,65
1249,Programming,76.0,66
1250,Maths,87.0,61
1250,Physics,56.0,91
1250,Chemistry,88.0,96
1250,Programming,63.0,86
1251,Maths,35.0,56
1251,Physics,54.0,82
1251,Chemistry,84.0,56
1251,Programming,86.0,61
1252,Maths,45.0,65
1252,Physics,72.0,85
1252,Chemistry,36.0,85
1252,Programming,80.0,58
1253,Maths,61.0,60
1253,Physics,37.0,82
1253,Chemistry,,94
1253,Programming,88.0,53
1254,Maths,96.0,78
1254,Physics,58.0,83
1254,Chemistry,57.0,62
1254,Programming,73.0,75
1255,Maths,33.0,75
1255,Physics,38.0,54
1255,Chemistry,85.0,81
1255,Programming,79.0,60
1256,Maths,44.0,81
1256,Physics,57.0,71
1256,Chemistry,46.0,75
1256,Programming,100.0,91
1257,Maths,86.0,75
1257,Physics,54.0,59
1257,Chemistry,74.0,68
1257,Programming,40.0,62
1258,Maths,82.0,57
1258,Physics,97.0,96
1258,Chemistry,57.0,60
1258,Programming,94.0,98
1259,Maths,76.0,87
1259,Physics,83.0,96
1259,Chemistry,60.0,90
1259,Programming,75.0,99
1260,Maths,55.0,98
1260,Physics,34.0,69
1260,Chemistry,81.0,90
1260,Programming,83.0,82
1261,Maths,79.0,87
1261,Physics,56.0,83
1261,Chemistry,44.0,81
1261,Programming,90.0,70
1262,Maths,75.0,54
1262,Physics,35.0,87
1262,Chemistry,91.0,71
1262,Programming,91.0,67
1263,Maths,75.0,62
1263,Physics,32.0,79
1263,Chemistry,35.0,78
1263,Programming,37.0,93
1264,Maths,62.0,66
1264,Physics,79.0,60
1264,Chemistry,57.0,93
1264,Programming,99.0,90
1265,Maths,45.0,53
1265,Physics,77.0,75
1265,Chemistry,91.0,61
1265,Programming,40.0,86
1266,Maths,47.0,68
1266,Physics,84.0,87
1266,Chemistry,55.0,55
1266,Programming,33.0,93
1267,Maths,58.0,83
1267,Physics,46.0,92
1267,Chemistry,72.0,65
1267,Programming,95.0,83
1268,Maths,37.0,62
1268,Physics,37.0,79
1268,Chemistry,94.0,92
1268,Programming,68.0,66
1269,Maths,88.0,69
1269,Physics,73.0,58
1269,Chemistry,66.0,59
1269,Programming,65.0,86
1270,Maths,57.0,91
1270,Physics,72.0,70
1270,Chemistry,71.0,89
1270,Programming,95.0,57
1271,Maths,77.0,76
1271,Physics,51.0,86
1271,Chemistry,56.0,78
1271,Programming,96.0,93
1272,Maths,42.0,94
1272,Physics,39.0,85
1272,Chemistry,38.0,76
1272,Programming,63.0,100
1273,Maths,30.0,81
1273,Physics,100.0,98
1273,Chemistry,96.0,69
1273,Programming,49.0,79
1274,Maths,64.0,84
1274,Physics,46.0,67
1274,Chemistry,74.0,78
1274,Programming,82.0,76
1275,Maths,97.0,50
1275,Physics,30.0,75
1275,Chemistry,49.0,72
1275,Programming,39.0,60
1276,Maths,70.0,90
1276,Physics,34.0,50
1276,Chemistry,46.0,71
1276,Programming,70.0,78
1277,Maths,97.0,54
1277,Physics,40.0,100
1277,Chemistry,50.0,84
1277,Programming,55.0,100
1278,Maths,48.0,94
1278,Physics,89.0,56
1278,Chemistry,76.0,56
1278,Programming,55.0,89
1279,Maths,34.0,70
1279,Physics,33.0,72
1279,Chemistry,44.0,99
1279,Programming,37.0,90
1280,Maths,48.0,97
1280,Physics,75.0,77
1280,Chemistry,97.0,64
1280,Programming,66.0,50
1281,Maths,96.0,96
1281,Physics,53.0,76
1281,Chemistry,69.0,85
1281,Programming,53.0,73
1282,Maths,33.0,52
1282,Physics,63.0,98
1282,Chemistry,82.0,72
1282,Programming,98.0,80
1283,Maths,82.0,90
1283,Physics,86.0,55
1283,Chemistry,86.0,59
1283,Programming,69.0,56
1284,Maths,67.0,70
1284,Physics,90.0,69
1284,Chemistry,32.0,100
1284,Programming,76.0,53
1285,Maths,67.0,100
1285,Physics,65.0,96
1285,Chemistry,70.0,54
1285,Programming,42.0,72
1286,Maths,87.0,99
1286,Physics,59.0,86
1286,Chemistry,54.0,97
1286,Programming,56.0,100
1287,Maths,86.0,97
1287,Physics,76.0,85
1287,Chemistry,68.0,65
1287,Programming,51.0,70
1288,Maths,83.0,70
1288,Physics,,98
1288,Chemistry,45.0,80
1288,Programming,71.0,59
1289,Maths,61.0,83
1289,Physics,38.0,66
1289,Chemistry,40.0,81
1289,Programming,39.0,71
1290,Maths,46.0,53
1290,Physics,77.0,96
1290,Chemistry,54.0,70
1290,Programming,94.0,74
1291,Maths,80.0,85
1291,Physics,95.0,89
1291,Chemistry,44.0,81
1291,Programming,68.0,55
1292,Maths,30.0,96
1292,Physics,52.0,88
1292,Chemistry,86.0,66
1292,Programming,63.0,90
1293,Maths,42.0,55
1293,Physics,35.0,69
1293,Chemistry,81.0,52
1293,Programming,92.0,98
1294,Maths,76.0,94
1294,Physics,84.0,50
1294,Chemistry,96.0,75
1294,Programming,44.0,85
1295,Maths,61.0,81
1295,Physics,97.0,67
1295,Chemistry,72.0,84
1295,Programming,87.0,82
1296,Maths,43.0,83
1296,Physics,90.0,53
1296,Chemistry,88.0,78
1296,Programming,35.0,82
1297,Maths,78.0,89
1297,Physics,94.0,54
1297,Chemistry,56.0,65
1297,Programming,35.0,89
1298,Maths,42.0,97
1298,Physics,93.0,84
1298,Chemistry,48.0,61
1298,Programming,72.0,59
1299,Maths,49.0,80
1299,Physics,97.0,93
1299,Chemistry,52.0,51
1299,Programming,51.0,100
1300,Maths,86.0,86
1300,Physics,,56
1300,Chemistry,85.0,52
1300,Programming,45.0,68
1301,Maths,80.0,67
1301,Physics,,82
1301,Chemistry,41.0,60
1301,Programming,34.0,76
1302,Maths,41.0,66
1302,Physics,35.0,82
1302,Chemistry,34.0,77
1302,Programming,98.0,82
1303,Maths,91.0,99
1303,Physics,48.0,71
1303,Chemistry,98.0,51
1303,Programming,76.0,88
1304,Maths,97.0,82
1304,Physics,42.0,69
1304,Chemistry,83.0,56
1304,Programming,43.0,72
1305,Maths,48.0,78
1305,Physics,49.0,78
1305,Chemistry,53.0,67
1305,Programming,92.0,59
1306,Maths,86.0,57
1306,Physics,91.0,78
1306,Chemistry,46.0,51
1306,Programming,35.0,54
1307,Maths,57.0,90
1307,Physics,98.0,67
1307,Chemistry,70.0,98
1307,Programming,78.0,61
1308,Maths,100.0,52
1308,Physics,39.0,83
1308,Chemistry,64.0,65
1308,Programming,31.0,73
1309,Maths,67.0,71
1309,Physics,55.0,92
1309,Chemistry,84.0,88
1309,Programming,58.0,96
1310,Maths,49.0,76
1310,Physics,70.0,69
1310,Chemistry,48.0,69
1310,Programming,95.0,79
1311,Maths,82.0,83
1311,Physics,51.0,52
1311,Chemistry,35.0,64
1311,Programming,56.0,59
1312,Maths,77.0,55
1312,Physics,88.0,85
1312,Chemistry,88.0,51
1312,Programming,58.0,53
1313,Maths,94.0,68
1313,Physics,55.0,74
1313,Chemistry,39.0,64
1313,Programming,88.0,71
1314,Maths,80.0,97
1314,Physics,50.0,71
1314,Chemistry,59.0,74
1314,Programming,57.0,50
1315,Maths,74.0,53
1315,Physics,36.0,98
1315,Chemistry,38.0,85
1315,Programming,30.0,59
1316,Maths,65.0,58
1316,Physics,75.0,91
1316,Chemistry,61.0,81
1316,Programming,35.0,97
1317,Maths,67.0,66
1317,Physics,56.0,99
1317,Chemistry,64.0,70
1317,Programming,54.0,77
1318,Maths,44.0,53
1318,Physics,56.0,75
1318,Chemistry,48.0,77
1318,Programming,46.0,92
1319,Maths,70.0,91
1319,Physics,79.0,69
1319,Chemistry,69.0,88
1319,Programming,52.0,96
1320,Maths,81.0,96
1320,Physics,92.0,82
1320,Chemistry,98.0,92
1320,Programming,77.0,83
1321,Maths,69.0,60
1321,Physics,90.0,99
1321,Chemistry,96.0,82
1321,Programming,45.0,67
1322,Maths,77.0,59
1322,Physics,67.0,68
1322,Chemistry,65.0,62
1322,Programming,75.0,52
1323,Maths,94.0,76
1323,Physics,37.0,100
1323,Chemistry,35.0,92
1323,Programming,68.0,98
1324,Maths,89.0,77
1324,Physics,83.0,86
1324,Chemistry,38.0,67
1324,Programming,85.0,70
1325,Maths,31.0,92
1325,Physics,89.0,87
1325,Chemistry,69.0,85
1325,Programming,66.0,64
1326,Maths,47.0,83
1326,Physics,92.0,71
1326,Chemistry,40.0,62
1326,Programming,33.0,71
1327,Maths,36.0,92
1327,Physics,83.0,73
1327,Chemistry,97.0,77
1327,Programming,30.0,52
1328,Maths,67.0,99
1328,Physics,30.0,87
1328,Chemistry,67.0,70
1328,Programming,58.0,54
1329,Maths,50.0,99
1329,Physics,100.0,52
1329,Chemistry,76.0,69
1329,Programming,64.0,53
1330,Maths,98.0,50
1330,Physics,97.0,61
1330,Chemistry,89.0,76
1330,Programming,85.0,91
1331,Maths,52.0,74
1331,Physics,50.0,73
1331,Chemistry,54.0,94
1331,Programming,84.0,95
1332,Maths,61.0,81
1332,Physics,34.0,85
1332,Chemistry,78.0,91
1332,Programming,87.0,88
1333,Maths,90.0,58
1333,Physics,35.0,100
1333,Chemistry,64.0,88
1333,Programming,51.0,90
1334,Maths,34.0,91
1334,Physics,96.0,79
1334,Chemistry,86.0,71
1334,Programming,58.0,96
1335,Maths,66.0,72
1335,Physics,42.0,81
1335,Chemistry,75.0,96
1335,Programming,52.0,94
1336,Maths,46.0,89
1336,Physics,95.0,86
1336,Chemistry,35.0,93
1336,Programming,47.0,79
1337,Maths,51.0,82
1337,Physics,59.0,66
1337,Chemistry,61.0,91
1337,Programming,39.0,96
1338,Maths,65.0,83
1338,Physics,57.0,60
1338,Chemistry,68.0,96
1338,Programming,48.0,64
1339,Maths,57.0,73
1339,Physics,,92
1339,Chemistry,38.0,96
1339,Programming,62.0,82
1340,Maths,48.0,52
1340,Physics,69.0,96
1340,Chemistry,94.0,78
1340,Programming,79.0,83
1341,Maths,42.0,50
1341,Physics,63.0,78
1341,Chemistry,77.0,96
1341,Programming,77.0,98
1342,Maths,93.0,78
1342,Physics,68.0,73
1342,Chemistry,55.0,66
1342,Programming,100.0,62
1343,Maths,98.0,75
1343,Physics,78.0,52
1343,Chemistry,36.0,98
1343,Programming,82.0,50
1344,Maths,91.0,66
1344,Physics,72.0,74
1344,Chemistry,32.0,64
1344,Programming,58.0,92
1345,Maths,61.0,75
1345,Physics,45.0,74
1345,Chemistry,83.0,77
1345,Programming,85.0,50
1346,Maths,70.0,100
1346,Physics,80.0,90
1346,Chemistry,100.0,63
1346,Programming,58.0,68
1347,Maths,48.0,51
1347,Physics,70.0,94
1347,Chemistry,44.0,52
1347,Programming,40.0,95
1348,Maths,59.0,89
1348,Physics,47.0,100
1348,Chemistry,77.0,51
1348,Programming,37.0,71
1349,Maths,35.0,61
1349,Physics,86.0,89
1349,Chemistry,65.0,64
1349,Programming,86.0,98
1350,Maths,74.0,67
1350,Physics,95.0,62
1350,Chemistry,74.0,64
1350,Programming,49.0,78
1351,Maths,96.0,68
1351,Physics,32.0,63
1351,Chemistry,93.0,89
1351,Programming,88.0,53
1352,Maths,89.0,60
1352,Physics,59.0,92
1352,Chemistry,31.0,98
1352,Programming,38.0,77
1353,Maths,60.0,83
1353,Physics,90.0,64
1353,Chemistry,77.0,74
1353,Programming,65.0,57
1354,Maths,87.0,86
1354,Physics,74.0,88
1354,Chemistry,87.0,66
1354,Programming,93.0,93
1355,Maths,58.0,56
1355,Physics,38.0,77
1355,Chemistry,35.0,78
1355,Programming,87.0,66
1356,Maths,45.0,72
1356,Physics,32.0,70
1356,Chemistry,93.0,75
1356,Programming,65.0,91
1357,Maths,91.0,91
1357,Physics,71.0,62
1357,Chemistry,40.0,65
1357,Programming,37.0,89
1358,Maths,88.0,89
1358,Physics,88.0,51
1358,Chemistry,39.0,93
1358,Programming,40.0,64
1359,Maths,31.0,99
1359,Physics,41.0,100
1359,Chemistry,52.0,67
1359,Programming,91.0,81
1360,Maths,91.0,87
1360,Physics,96.0,87
1360,Chemistry,96.0,79
1360,Programming,90.0,50
1361,Maths,74.0,81
1361,Physics,57.0,70
1361,Chemistry,42.0,76
1361,Programming,36.0,71
1362,Maths,82.0,64
1362,Physics,33.0,81
1362,Chemistry,52.0,55
1362,Programming,62.0,77
1363,Maths,37.0,50
1363,Physics,66.0,71
1363,Chemistry,99.0,70
1363,Programming,64.0,64
1364,Maths,34.0,95
1364,Physics,79.0,97
1364,Chemistry,35.0,74
1364,Programming,85.0,95
1365,Maths,88.0,89
1365,Physics,58.0,56
1365,Chemistry,47.0,51
1365,Programming,37.0,60
1366,Maths,83.0,87
1366,Physics,77.0,76
1366,Chemistry,49.0,61
1366,Programming,72.0,80
1367,Maths,90.0,59
1367,Physics,96.0,94
1367,Chemistry,64.0,80
1367,Programming,44.0,65
1368,Maths,42.0,98
1368,Physics,64.0,60
1368,Chemistry,88.0,70
1368,Programming,83.0,60
1369,Maths,59.0,97
1369,Physics,64.0,71
1369,Chemistry,67.0,80
1369,Programming,53.0,99
1370,Maths,78.0,81
1370,Physics,61.0,64
1370,Chemistry,87.0,84
1370,Programming,32.0,65
1371,Maths,98.0,70
1371,Physics,39.0,68
1371,Chemistry,54.0,53
1371,Programming,90.0,78
1372,Maths,48.0,92
1372,Physics,95.0,59
1372,Chemistry,90.0,92
1372,Programming,54.0,69
1373,Maths,77.0,68
1373,Physics,53.0,60
1373,Chemistry,84.0,77
1373,Programming,98.0,54
1374,Maths,80.0,70
1374,Physics,41.0,99
1374,Chemistry,33.0,98
1374,Programming,71.0,69
1375,Maths,67.0,74
1375,Physics,43.0,60
1375,Chemistry,61.0,60
1375,Programming,90.0,67
1376,Maths,56.0,67
1376,Physics,50.0,93
1376,Chemistry,34.0,72
1376,Programming,70.0,74
1377,Maths,83.0,59
1377,Physics,51.0,68
1377,Chemistry,94.0,56
1377,Programming,33.0,50
1378,Maths,44.0,89
1378,Physics,51.0,71
1378,Chemistry,76.0,66
1378,Programming,75.0,63
1379,Maths,79.0,69
1379,Physics,79.0,97
1379,Chemistry,62.0,92
1379,Programming,41.0,89
1380,Maths,49.0,79
1380,Physics,67.0,52
1380,Chemistry,57.0,75
1380,Programming,42.0,62
1381,Maths,95.0,86
1381,Physics,78.0,87
1381,Chemistry,95.0,85
1381,Programming,83.0,75
1382,Maths,,93
1382,Physics,69.0,92
1382,Chemistry,51.0,69
1382,Programming,37.0,78
1383,Maths,69.0,75
1383,Physics,59.0,66
1383,Chemistry,84.0,65
1383,Programming,75.0,92
1384,Maths,36.0,65
1384,Physics,74.0,96
1384,Chemistry,85.0,97
1384,Programming,56.0,72
1385,Maths,64.0,100
1385,Physics,66.0,91
1385,Chemistry,86.0,57
1385,Programming,49.0,88
1386,Maths,82.0,61
1386,Physics,78.0,66
1386,Chemistry,93.0,91
1386,Programming,58.0,68
1387,Maths,40.0,83
1387,Physics,79.0,56
1387,Chemistry,87.0,83
1387,Programming,49.0,99
1388,Maths,39.0,81
1388,Physics,81.0,64
1388,Chemistry,32.0,86
1388,Programming,69.0,57
1389,Maths,69.0,93
1389,Physics,85.0,72
1389,Chemistry,40.0,95
1389,Programming,93.0,57
1390,Maths,85.0,59
1390,Physics,68.0,77
1390,Chemistry,78.0,85
1390,Programming,42.0,81
1391,Maths,65.0,86
1391,Physics,55.0,71
1391,Chemistry,33.0,80
1391,Programming,93.0,87
1392,Maths,51.0,51
1392,Physics,60.0,60
1392,Chemistry,75.0,81
1392,Programming,91.0,54
1393,Maths,93.0,87
1393,Physics,39.0,89
1393,Chemistry,53.0,84
1393,Programming,73.0,97
1394,Maths,89.0,72
1394,Physics,46.0,50
1394,Chemistry,86.0,91
1394,Programming,82.0,83
1395,Maths,38.0,71
1395,Physics,42.0,74
1395,Chemistry,77.0,67
1395,Programming,69.0,66
1396,Maths,44.0,91
1396,Physics,44.0,64
1396,Chemistry,92.0,88
1396,Programming,42.0,66
1397,Maths,61.0,58
1397,Physics,69.0,69
1397,Chemistry,92.0,61
1397,Programming,73.0,87
1398,Maths,89.0,56
1398,Physics,77.0,67
1398,Chemistry,45.0,88
1398,Programming,97.0,74
1399,Maths,91.0,89
1399,Physics,42.0,94
1399,Chemistry,35.0,68
1399,Programming,89.0,75
1400,Maths,43.0,80
1400,Physics,83.0,53
1400,Chemistry,68.0,57
1400,Programming,54.0,62
1401,Maths,61.0,87
1401,Physics,92.0,87
1401,Chemistry,82.0,79
1401,Programming,96.0,77
1402,Maths,32.0,94
1402,Physics,51.0,81
1402,Chemistry,67.0,57
1402,Programming,,55
1403,Maths,61.0,84
1403,Physics,39.0,52
1403,Chemistry,88.0,61
1403,Programming,78.0,80
1404,Maths,98.0,74
1404,Physics,70.0,80
1404,Chemistry,51.0,53
1404,Programming,42.0,94
1405,Maths,71.0,99
1405,Physics,78.0,69
1405,Chemistry,83.0,85
1405,Programming,30.0,64
1406,Maths,46.0,73
1406,Physics,87.0,57
1406,Chemistry,52.0,95
1406,Programming,,57
1407,Maths,88.0,75
1407,Physics,88.0,62
1407,Chemistry,68.0,86
1407,Programming,57.0,74
1408,Maths,90.0,65
1408,Physics,31.0,67
1408,Chemistry,46.0,79
1408,Programming,42.0,81
1409,Maths,42.0,92
1409,Physics,50.0,97
1409,Chemistry,84.0,66
1409,Programming,69.0,68
1410,Maths,44.0,58
1410,Physics,81.0,59
1410,Chemistry,82.0,72
1410,Programming,81.0,79
1411,Maths,62.0,58
1411,Physics,83.0,96
1411,Chemistry,30.0,93
1411,Programming,38.0,81
1412,Maths,44.0,61
1412,Physics,86.0,57
1412,Chemistry,,76
1412,Programming,91.0,61
1413,Maths,94.0,92
1413,Physics,71.0,100
1413,Chemistry,40.0,88
1413,Programming,72.0,80
1414,Maths,46.0,82
1414,Physics,61.0,78
1414,Chemistry,69.0,72
1414,Programming,85.0,55
1415,Maths,79.0,87
1415,Physics,66.0,94
1415,Chemistry,93.0,100
1415,Programming,83.0,57
1416,Maths,78.0,84
1416,Physics,40.0,73
1416,Chemistry,78.0,70
1416,Programming,95.0,89
1417,Maths,57.0,66
1417,Physics,35.0,68
1417,Chemistry,85.0,87
1417,Programming,57.0,51
1418,Maths,67.0,86
1418,Physics,97.0,71
1418,Chemistry,78.0,92
1418,Programming,65.0,62
1419,Maths,81.0,81
1419,Physics,89.0,95
1419,Chemistry,87.0,84
1419,Programming,85.0,77
1420,Maths,30.0,91
1420,Physics,77.0,89
1420,Chemistry,92.0,61
1420,Programming,,73
1421,Maths,33.0,87
1421,Physics,56.0,58
1421,Chemistry,45.0,61
1421,Programming,60.0,73
1422,Maths,43.0,94
1422,Physics,54.0,83
1422,Chemistry,96.0,73
1422,Programming,55.0,69
1423,Maths,93.0,89
1423,Physics,39.0,68
1423,Chemistry,96.0,73
1423,Programming,34.0,52
1424,Maths,87.0,76
1424,Physics,44.0,84
1424,Chemistry,82.0,93
1424,Programming,55.0,96
1425,Maths,63.0,72
1425,Physics,79.0,69
1425,Chemistry,41.0,72
1425,Programming,33.0,72
1426,Maths,77.0,97
1426,Physics,30.0,74
1426,Chemistry,95.0,79
1426,Programming,32.0,70
1427,Maths,78.0,71
1427,Physics,91.0,82
1427,Chemistry,67.0,64
1427,Programming,81.0,64
1428,Maths,75.0,74
1428,Physics,50.0,73
1428,Chemistry,34.0,55
1428,Programming,76.0,72
1429,Maths,97.0,76
1429,Physics,47.0,70
1429,Chemistry,52.0,52
1429,Programming,69.0,99
1430,Maths,39.0,74
1430,Physics,81.0,98
1430,Chemistry,,60
1430,Programming,90.0,54
1431,Maths,82.0,86
1431,Physics,85.0,94
1431,Chemistry,98.0,58
1431,Programming,88.0,97
1432,Maths,31.0,50
1432,Physics,89.0,100
1432,Chemistry,59.0,60
1432,Programming,68.0,75
1433,Maths,,77
1433,Physics,87.0,70
1433,Chemistry,85.0,96
1433,Programming,63.0,80
1434,Maths,81.0,74
1434,Physics,30.0,71
1434,Chemistry,69.0,86
1434,Programming,30.0,50
1435,Maths,92.0,91
1435,Physics,83.0,91
1435,Chemistry,50.0,64
1435,Programming,51.0,87
1436,Maths,37.0,96
1436,Physics,46.0,66
1436,Chemistry,42.0,66
1436,Programming,67.0,66
1437,Maths,74.0,55
1437,Physics,64.0,95
1437,Chemistry,43.0,96
1437,Programming,,64
1438,Maths,83.0,76
1438,Physics,42.0,98
1438,Chemistry,60.0,84
1438,Programming,89.0,55
1439,Maths,98.0,71
1439,Physics,87.0,98
1439,Chemistry,52.0,74
1439,Programming,63.0,75
1440,Maths,76.0,54
1440,Physics,49.0,55
1440,Chemistry,99.0,99
1440,Programming,47.0,53
1441,Maths,46.0,63
1441,Physics,42.0,56
1441,Chemistry,73.0,64
1441,Programming,48.0,92
1442,Maths,64.0,66
1442,Physics,64.0,68
1442,Chemistry,49.0,85
1442,Programming,64.0,81
1443,Maths,77.0,93
1443,Physics,53.0,66
1443,Chemistry,100.0,92
1443,Programming,79.0,50
1444,Maths,61.0,85
1444,Physics,42.0,55
1444,Chemistry,87.0,63
1444,Programming,66.0,97
1445,Maths,97.0,89
1445,Physics,88.0,65
1445,Chemistry,45.0,53
1445,Programming,74.0,75
1446,Maths,57.0,81
1446,Physics,95.0,80
1446,Chemistry,32.0,57
1446,Programming,53.0,64
1447,Maths,72.0,80
1447,Physics,74.0,51
1447,Chemistry,37.0,56
1447,Programming,86.0,65
1448,Maths,59.0,59
1448,Physics,47.0,99
1448,Chemistry,98.0,78
1448,Programming,68.0,83
1449,Maths,72.0,94
1449,Physics,52.0,54
1449,Chemistry,35.0,95
1449,Programming,33.0,78
1450,Maths,52.0,55
1450,Physics,61.0,91
1450,Chemistry,47.0,64
1450,Programming,69.0,81
1451,Maths,35.0,97
1451,Physics,92.0,52
1451,Chemistry,40.0,92
1451,Programming,46.0,81
1452,Maths,33.0,53
1452,Physics,70.0,68
1452,Chemistry,34.0,81
1452,Programming,99.0,84
1453,Maths,51.0,50
1453,Physics,51.0,97
1453,Chemistry,40.0,62
1453,Programming,32.0,58
1454,Maths,89.0,61
1454,Physics,43.0,82
1454,Chemistry,47.0,98
1454,Programming,52.0,59
1455,Maths,76.0,54
1455,Physics,76.0,72
1455,Chemistry,59.0,74
1455,Programming,57.0,83
1456,Maths,54.0,59
1456,Physics,87.0,79
1456,Chemistry,70.0,74
1456,Programming,77.0,83
1457,Maths,39.0,84
1457,Physics,40.0,70
1457,Chemistry,50.0,71
1457,Programming,74.0,56
1458,Maths,93.0,51
1458,Physics,71.0,67
1458,Chemistry,83.0,60
1458,Programming,45.0,98
1459,Maths,47.0,84
1459,Physics,88.0,75
1459,Chemistry,45.0,55
1459,Programming,86.0,93
1460,Maths,76.0,96
1460,Physics,77.0,91
1460,Chemistry,89.0,62
1460,Programming,33.0,88
1461,Maths,31.0,75
1461,Physics,88.0,76
1461,Chemistry,56.0,64
1461,Programming,,56
1462,Maths,92.0,96
1462,Physics,75.0,89
1462,Chemistry,41.0,62
1462,Programming,72.0,66
1463,Maths,92.0,66
1463,Physics,65.0,70
1463,Chemistry,37.0,54
1463,Programming,65.0,77
1464,Maths,76.0,61
1464,Physics,59.0,72
1464,Chemistry,45.0,63
1464,Programming,100.0,94
1465,Maths,81.0,86
1465,Physics,58.0,52
1465,Chemistry,44.0,85
1465,Programming,76.0,95
1466,Maths,81.0,68
1466,Physics,50.0,86
1466,Chemistry,56.0,78
1466,Programming,49.0,74
1467,Maths,99.0,85
1467,Physics,31.0,71
1467,Chemistry,45.0,67
1467,Programming,98.0,85
1468,Maths,59.0,94
1468,Physics,48.0,72
1468,Chemistry,63.0,62
1468,Programming,72.0,78
1469,Maths,51.0,96
1469,Physics,65.0,58
1469,Chemistry,48.0,87
1469,Programming,99.0,96
1470,Maths,86.0,69
1470,Physics,38.0,81
1470,Chemistry,33.0,99
1470,Programming,34.0,69
1471,Maths,66.0,71
1471,Physics,87.0,53
1471,Chemistry,73.0,83
1471,Programming,71.0,58
1472,Maths,36.0,53
1472,Physics,48.0,91
1472,Chemistry,60.0,84
1472,Programming,86.0,70
1473,Maths,90.0,80
1473,Physics,82.0,81
1473,Chemistry,95.0,59
1473,Programming,31.0,51
1474,Maths,89.0,73
1474,Physics,46.0,81
1474,Chemistry,45.0,65
1474,Programming,75.0,88
1475,Maths,60.0,92
1475,Physics,30.0,60
1475,Chemistry,33.0,56
1475,Programming,55.0,96
1476,Maths,79.0,61
1476,Physics,94.0,96
1476,Chemistry,82.0,91
1476,Programming,100.0,51
1477,Maths,53.0,53
1477,Physics,48.0,75
1477,Chemistry,69.0,99
1477,Programming,72.0,60
1478,Maths,96.0,61
1478,Physics,96.0,91
1478,Chemistry,56.0,98
1478,Programming,83.0,51
1479,Maths,78.0,65
1479,Physics,31.0,79
1479,Chemistry,67.0,77
1479,Programming,54.0,81
1480,Maths,39.0,91
1480,Physics,69.0,82
1480,Chemistry,71.0,96
1480,Programming,66.0,65
1481,Maths,51.0,69
1481,Physics,56.0,90
1481,Chemistry,63.0,81
1481,Programming,95.0,61
1482,Maths,69.0,58
1482,Physics,39.0,81
1482,Chemistry,77.0,69
1482,Programming,68.0,51
1483,Maths,94.0,100
1483,Physics,65.0,73
1483,Chemistry,56.0,51
1483,Programming,60.0,63
1484,Maths,95.0,78
1484,Physics,44.0,61
1484,Chemistry,57.0,69
1484,Programming,53.0,70
1485,Maths,39.0,95
1485,Physics,47.0,73
1485,Chemistry,43.0,83
1485,Programming,87.0,61
1486,Maths,51.0,55
1486,Physics,65.0,94
1486,Chemistry,65.0,71
1486,Programming,90.0,85
1487,Maths,85.0,74
1487,Physics,62.0,94
1487,Chemistry,65.0,69
1487,Programming,47.0,87
1488,Maths,96.0,72
1488,Physics,45.0,54
1488,Chemistry,97.0,70
1488,Programming,99.0,61
1489,Maths,45.0,66
1489,Physics,43.0,56
1489,Chemistry,75.0,81
1489,Programming,44.0,93
1490,Maths,46.0,90
1490,Physics,83.0,96
1490,Chemistry,73.0,83
1490,Programming,34.0,94
1491,Maths,56.0,72
1491,Physics,72.0,82
1491,Chemistry,60.0,84
1491,Programming,46.0,77
1492,Maths,83.0,72
1492,Physics,61.0,89
1492,Chemistry,42.0,69
1492,Programming,64.0,54
1493,Maths,58.0,55
1493,Physics,54.0,80
1493,Chemistry,51.0,51
1493,Programming,74.0,54
1494,Maths,,50
1494,Physics,73.0,72
1494,Chemistry,68.0,96
1494,Programming,83.0,73
1495,Maths,58.0,75
1495,Physics,45.0,84
1495,Chemistry,49.0,95
1495,Programming,96.0,50
1496,Maths,87.0,96
1496,Physics,30.0,66
1496,Chemistry,95.0,78
1496,Programming,99.0,57
1497,Maths,58.0,97
1497,Physics,80.0,82
1497,Chemistry,32.0,84
1497,Programming,98.0,76
1498,Maths,49.0,58
1498,Physics,68.0,53
1498,Chemistry,48.0,87
1498,Programming,74.0,92
1499,Maths,42.0,62
1499,Physics,89.0,71
1499,Chemistry,81.0,96
1499,Programming,82.0,94
1500,Maths,72.0,68
1500,Physics,,57
1500,Chemistry,71.0,75
1500,Programming,55.0,72
